{"gradients/ff_2.bias": {"_type": "histogram", "values": [1.0, 0.0, 0.0, 0.0, 0.0, 0.0, 0.0, 0.0, 0.0, 0.0, 0.0, 0.0, 0.0, 0.0, 0.0, 0.0, 0.0, 0.0, 0.0, 0.0, 0.0, 0.0, 0.0, 0.0, 0.0, 0.0, 0.0, 0.0, 0.0, 0.0, 0.0, 0.0, 0.0, 0.0, 0.0, 0.0, 0.0, 0.0, 0.0, 0.0, 0.0, 0.0, 0.0, 0.0, 0.0, 0.0, 0.0, 0.0, 0.0, 0.0, 0.0, 0.0, 0.0, 0.0, 0.0, 0.0, 0.0, 0.0, 0.0, 0.0, 0.0, 0.0, 0.0, 1.0], "bins": [-0.02890518680214882, -0.028152287006378174, -0.027399389073252678, -0.026646489277482033, -0.025893589481711388, -0.02514069154858589, -0.024387791752815247, -0.0236348919570446, -0.022881992161273956, -0.02212909422814846, -0.021376194432377815, -0.02062329463660717, -0.019870396703481674, -0.01911749690771103, -0.018364597111940384, -0.017611699178814888, -0.016858799383044243, -0.016105899587273598, -0.015353000722825527, -0.014600101858377457, -0.013847202062606812, -0.013094303198158741, -0.01234140433371067, -0.011588504537940025, -0.010835605673491955, -0.010082706809043884, -0.00932980701327324, -0.008576908148825169, -0.007824009284377098, -0.007071109488606453, -0.006318210624158382, -0.005565311294049025, -0.004812411963939667, -0.004059512633830309, -0.0033066135365515947, -0.0025537144392728806, -0.0018008151091635227, -0.0010479158954694867, -0.0002950166817754507, 0.0004578825319185853, 0.0012107817456126213, 0.001963681075721979, 0.0027165801730006933, 0.0034694792702794075, 0.004222378600388765, 0.004975277930498123, 0.005728176794946194, 0.0064810761250555515, 0.007233975455164909, 0.00798687431961298, 0.008739774115383625, 0.009492672979831696, 0.01024557277560234, 0.010998471640050411, 0.011751370504498482, 0.012504270300269127, 0.013257169164717197, 0.014010068029165268, 0.014762967824935913, 0.015515866689383984, 0.016268765553832054, 0.0170216653496027, 0.017774565145373344, 0.01852746307849884, 0.019280362874269485]}, "_timestamp": 1690877661.02937, "gradients/ff_2.weight": {"_type": "histogram", "values": [2.0, 0.0, 2.0, 1.0, 0.0, 0.0, 0.0, 3.0, 1.0, 0.0, 2.0, 0.0, 4.0, 0.0, 4.0, 3.0, 5.0, 4.0, 9.0, 3.0, 6.0, 1.0, 2.0, 7.0, 1.0, 6.0, 3.0, 3.0, 1.0, 4.0, 1.0, 5.0, 4.0, 1.0, 7.0, 2.0, 5.0, 4.0, 6.0, 1.0, 3.0, 1.0, 3.0, 9.0, 10.0, 2.0, 9.0, 10.0, 4.0, 1.0, 330.0, 0.0, 1.0, 2.0, 0.0, 2.0, 1.0, 2.0, 2.0, 2.0, 1.0, 1.0, 1.0, 2.0], "bins": [-0.16376061737537384, -0.16051740944385529, -0.15727420151233673, -0.15403099358081818, -0.15078778564929962, -0.14754457771778107, -0.1443013697862625, -0.14105816185474396, -0.1378149539232254, -0.13457174599170685, -0.1313285380601883, -0.12808533012866974, -0.12484211474657059, -0.12159890681505203, -0.11835569888353348, -0.11511249095201492, -0.11186928302049637, -0.10862607508897781, -0.10538286715745926, -0.1021396592259407, -0.09889645129442215, -0.0956532433629036, -0.09241003543138504, -0.08916682749986649, -0.08592361211776733, -0.08268040418624878, -0.07943719625473022, -0.07619398832321167, -0.07295078039169312, -0.06970757246017456, -0.066464364528656, -0.06322115659713745, -0.0599779412150383, -0.056734733283519745, -0.05349152535200119, -0.050248317420482635, -0.04700510948896408, -0.04376189783215523, -0.04051868990063667, -0.03727548196911812, -0.034032274037599564, -0.03078906610608101, -0.027545858174562454, -0.02430264838039875, -0.021059440448880196, -0.01781623251736164, -0.014573023654520512, -0.011329814791679382, -0.008086606860160828, -0.004843398462980986, -0.0016001900658011436, 0.0016430183313786983, 0.00488622672855854, 0.008129434660077095, 0.011372643522918224, 0.014615852385759354, 0.01785906031727791, 0.021102268248796463, 0.024345476180315018, 0.02758868597447872, 0.030831893905997276, 0.03407510370016098, 0.037318311631679535, 0.04056151956319809, 0.043804727494716644]}, "gradients/ff_1.bias": {"_type": "histogram", "values": [1.0, 0.0, 0.0, 0.0, 0.0, 0.0, 0.0, 0.0, 0.0, 0.0, 0.0, 0.0, 0.0, 0.0, 0.0, 0.0, 0.0, 0.0, 0.0, 0.0, 0.0, 0.0, 0.0, 0.0, 0.0, 0.0, 0.0, 0.0, 0.0, 0.0, 0.0, 1.0, 0.0, 0.0, 0.0, 2.0, 0.0, 1.0, 2.0, 1.0, 3.0, 3.0, 3.0, 1.0, 4.0, 4.0, 5.0, 2.0, 2.0, 5.0, 6.0, 14.0, 20.0, 4.0, 163.0, 0.0, 1.0, 2.0, 2.0, 0.0, 0.0, 2.0, 0.0, 2.0], "bins": [-0.04711829870939255, -0.04625295475125313, -0.04538761079311371, -0.04452227056026459, -0.04365692660212517, -0.04279158264398575, -0.04192624241113663, -0.04106089845299721, -0.04019555449485779, -0.03933021053671837, -0.03846486657857895, -0.03759952634572983, -0.03673418238759041, -0.03586883842945099, -0.03500349819660187, -0.03413815423846245, -0.03327281028032303, -0.03240746632218361, -0.03154212236404419, -0.03067678213119507, -0.02981143817305565, -0.02894609421491623, -0.02808075211942196, -0.02721541002392769, -0.02635006606578827, -0.02548472210764885, -0.02461938001215458, -0.02375403791666031, -0.02288869395852089, -0.02202335000038147, -0.0211580079048872, -0.02029266580939293, -0.01942732185125351, -0.01856197789311409, -0.01769663579761982, -0.01683129370212555, -0.01596594974398613, -0.015100606717169285, -0.01423526369035244, -0.013369920663535595, -0.01250457763671875, -0.011639234609901905, -0.01077389158308506, -0.009908548556268215, -0.00904320552945137, -0.008177862502634525, -0.00731251947581768, -0.006447176449000835, -0.0055818334221839905, -0.0047164903953671455, -0.0038511473685503006, -0.0029858043417334557, -0.0021204613149166107, -0.0012551182880997658, -0.00038977526128292084, 0.0004755677655339241, 0.001340910792350769, 0.002206253819167614, 0.003071596845984459, 0.003936939872801304, 0.004802282899618149, 0.005667625926434994, 0.006532968953251839, 0.007398311980068684, 0.008263655006885529]}, "gradients/ff_1.weight": {"_type": "histogram", "values": [1.0, 2.0, 1.0, 0.0, 0.0, 2.0, 0.0, 1.0, 0.0, 2.0, 2.0, 0.0, 0.0, 1.0, 2.0, 1.0, 0.0, 0.0, 4.0, 1.0, 3.0, 2.0, 3.0, 4.0, 1.0, 3.0, 3.0, 4.0, 2.0, 4.0, 7.0, 9.0, 10.0, 13.0, 20.0, 27.0, 35.0, 39.0, 64.0, 95.0, 140.0, 165.0, 203.0, 235.0, 319.0, 370.0, 488.0, 788.0, 1129.0, 54686.0, 2764.0, 1689.0, 929.0, 436.0, 286.0, 223.0, 139.0, 75.0, 42.0, 26.0, 19.0, 7.0, 7.0, 3.0], "bins": [-0.03497260436415672, -0.03427217900753021, -0.0335717536509037, -0.03287132456898689, -0.03217089921236038, -0.03147047385573387, -0.03077004663646221, -0.0300696212798357, -0.02936919406056404, -0.02866876870393753, -0.02796834334731102, -0.02726791612803936, -0.02656749077141285, -0.02586706355214119, -0.02516663819551468, -0.02446621097624302, -0.02376578561961651, -0.023065360262989998, -0.022364933043718338, -0.021664507687091827, -0.020964080467820168, -0.020263655111193657, -0.019563227891921997, -0.018862802535295486, -0.018162377178668976, -0.017461949959397316, -0.016761524602770805, -0.016061097383499146, -0.015360672026872635, -0.01466024573892355, -0.013959819450974464, -0.01325939316302538, -0.012558968737721443, -0.011858542449772358, -0.011158116161823273, -0.010457689873874187, -0.009757263585925102, -0.009056838229298592, -0.008356411941349506, -0.007655985653400421, -0.006955559365451336, -0.006255133077502251, -0.0055547067895531654, -0.0048542809672653675, -0.004153854679316282, -0.003453428391367197, -0.0027530023362487555, -0.002052576281130314, -0.0013521499931812286, -0.0006517238216474652, 4.870234988629818e-05, 0.0007491285214200616, 0.001449554692953825, 0.0021499809809029102, 0.002850407036021352, 0.0035508330911397934, 0.004251259379088879, 0.004951685667037964, 0.005652111954987049, 0.006352537777274847, 0.007052964065223932, 0.0077533903531730175, 0.008453816175460815, 0.0091542424634099, 0.009854668751358986]}, "gradients/head_1.bias": {"_type": "histogram", "values": [1.0, 0.0, 0.0, 0.0, 0.0, 0.0, 0.0, 0.0, 0.0, 0.0, 0.0, 0.0, 0.0, 0.0, 0.0, 0.0, 0.0, 0.0, 0.0, 0.0, 0.0, 0.0, 0.0, 0.0, 1.0, 0.0, 0.0, 0.0, 0.0, 0.0, 0.0, 1.0, 0.0, 0.0, 0.0, 0.0, 1.0, 1.0, 0.0, 0.0, 0.0, 0.0, 0.0, 0.0, 1.0, 2.0, 0.0, 0.0, 1.0, 0.0, 1.0, 3.0, 4.0, 2.0, 4.0, 18.0, 49.0, 32.0, 119.0, 7.0, 4.0, 1.0, 2.0, 1.0],